{"AA5":{"X":252.22830649482356,"Y":281.5589857681058},"AH1":{"X":81.06045224886003,"Y":242.63419672594293},"BF5":{"X":268.94574273158725,"Y":285.50900639120795},"BM9":{"X":612.6505911003728,"Y":235.5063142178926},"BT6":{"X":15.28518123730637,"Y":-286.3672729758258},"BV0":{"X":-39.020640061224775,"Y":42.09687501599465},"BX2":{"X":399.9244997646786,"Y":-241.06188477537464},"CA5":{"X":-133.23925078171794,"Y":-351.5796360576375},"CO0":{"X":253.54499616853133,"Y":-470.8360895454085},"CW5":{"X":148.99236677213696,"Y":-331.4043913813848},"DB4":{"X":528.8271776240339,"Y":-298.90266258859725},"DB9":{"X":-170.2658678653545,"Y":9.441812165590433},"DD8":{"X":-90.14126438980315,"Y":-117.36842784138406},"DR3":{"X":499.56823700344063,"Y":287.0984807085393},"EG2":{"X":-25.657761158819547,"Y":384.6795008467912},"EK8":{"X":93.76859249381322,"Y":75.586722068546},"EP8":{"X":377.490539432565,"Y":-134.54005095518596},"ES6":{"X":-50.19383503004172,"Y":-180.7946319163434},"EV3":{"X":505.36801080657114,"Y":-361.2691882482006},"FN9":{"X":-453.49705867338497,"Y":-343.64213774731536},"FO4":{"X":600.7087399640528,"Y":564.3767449220704},"FY7":{"X":-122.79770706533675,"Y":-96.60305048790266},"GE7":{"X":156.9596858822849,"Y":134.92028044301387},"GG7":{"X":381.4759868969771,"Y":-205.02565323903787},"HF4":{"X":515.5331922006602,"Y":234.52408742497218},"HG9":{"X":273.8517493656546,"Y":7.359632240830756},"HN7":{"X":227.15716097339978,"Y":24.089559670234415},"HR0":{"X":-206.64701719530075,"Y":234.79681045341493},"HU4":{"X":555.7414866892655,"Y":158.4841578274164},"IE6":{"X":255.61481727677918,"Y":143.71455560133845},"IH5":{"X":-0.0967423161163562,"Y":225.34677190712958},"IS0":{"X":-452.0499508613762,"Y":434.88167373500687},"JF4":{"X":-429.1180495669935,"Y":262.46581561087095},"JX0":{"X":-191.67422020963545,"Y":-132.8135355530414},"KA2":{"X":85.3915792983301,"Y":67.09689694435471},"KT9":{"X":280.9261717393282,"Y":-252.54026004634787},"KV5":{"X":-4.00776280141487,"Y":-829.8546581726247},"LE9":{"X":653.8077336933586,"Y":15.07925577785908},"LF9":{"X":147.46893807033388,"Y":-479.3793767840699},"LN2":{"X":-403.23564275492066,"Y":360.5218136557367},"LP4":{"X":275.20024190298096,"Y":-154.3277435890221},"LP8":{"X":169.5503525943227,"Y":227.4557078804692},"LU0":{"X":419.121740770287,"Y":216.2339674558229},"MB3":{"X":103.82664928266793,"Y":-548.5281585086752},"MB5":{"X":-643.1371249878156,"Y":78.21734802459133},"MB6":{"X":485.5793511986324,"Y":-391.6287708726602},"MG9":{"X":286.17960968195314,"Y":-154.1601589311948},"ML1":{"X":-214.78655034906393,"Y":-47.51353872469637},"MM4":{"X":470.6182905647064,"Y":-107.95692924381025},"MV4":{"X":-231.39194217918015,"Y":115.67206916727505},"MV8":{"X":29.60958001980527,"Y":379.69107963649446},"NE2":{"X":246.33393079173953,"Y":-257.77174859237726},"NI9":{"X":155.32633038677392,"Y":24.715461415437982},"NQ2":{"X":-409.38337295510394,"Y":350.67384151088777},"NU8":{"X":263.34973858529196,"Y":-47.448357334381114},"OA7":{"X":-12.067983105952953,"Y":394.75712666032734},"ON1":{"X":4.661830278322466,"Y":-153.8134954073128},"OT4":{"X":461.54934135807383,"Y":127.64680652534675},"OZ2":{"X":310.1214952130348,"Y":-9.13205524053001},"PA7":{"X":-451.1328595740571,"Y":-364.04623424973266},"PB1":{"X":392.81927459914806,"Y":-452.37393326363366},"QD8":{"X":-195.1130331431086,"Y":96.48062663610276},"QJ7":{"X":131.60726502723708,"Y":-654.86511594451},"QR9":{"X":-545.2349693020974,"Y":-252.55679831062682},"QS6":{"X":174.07763041024722,"Y":-105.23935466197563},"QU6":{"X":59.059085721315064,"Y":-14.379082078634184},"RN6":{"X":-283.3302660576645,"Y":-470.6919228107582},"RQ8":{"X":343.99203558407277,"Y":118.90272596440597},"RW6":{"X":521.2995762454219,"Y":247.5746320210019},"SA9":{"X":258.8214857585504,"Y":-392.2976081175451},"SI6":{"X":-469.55644409519795,"Y":-248.85606828497393},"TL2":{"X":-359.23496260716655,"Y":290.38275768067547},"TM6":{"X":268.04338260874454,"Y":412.0567659573749},"TV6":{"X":29.240042418997355,"Y":-154.37247743338617},"UB0":{"X":48.24680556499733,"Y":163.74063711521893},"UG0":{"X":114.25847257857279,"Y":214.42504111745848},"UG4":{"X":-758.8555657078465,"Y":-293.84962434942486},"UG8":{"X":-196.63078269335045,"Y":-98.52686268711773},"UN2":{"X":149.33675065766798,"Y":155.34521388044624},"VC7":{"X":122.58342371191317,"Y":275.4400010730302},"VO4":{"X":-420.76802939687707,"Y":-345.53201297416496},"WE8":{"X":-572.851001967166,"Y":-266.4249454399429},"WG2":{"X":-45.69726631831214,"Y":-580.0985205054003},"WU2":{"X":-218.182420308538,"Y":-15.808397908630488},"WV9":{"X":-68.58987726309567,"Y":237.51849282917294},"WZ1":{"X":962.297450607748,"Y":-18.472828509760404},"XG6":{"X":138.81044980607695,"Y":-592.5074312294095},"XG7":{"X":567.4195765983603,"Y":78.31418361639143},"XO7":{"X":-125.549376110431,"Y":47.75669598368428},"XV1":{"X":198.98596687352656,"Y":530.7518466363344},"XZ2":{"X":-22.314653358387524,"Y":-25.637068934721402},"YG0":{"X":749.6773091469232,"Y":260.36138907081454},"YP1":{"X":13.73635176027705,"Y":277.6196184645789},"YY4":{"X":152.7428039138692,"Y":367.6451019287217},"ZA6":{"X":-1066.5276518374453,"Y":-821.6112143440081},"ZG0":{"X":424.6701253015507,"Y":404.7111093099437},"ZM3":{"X":-146.82190507935604,"Y":-125.14987091671942},"ZQ0":{"X":296.8742327527721,"Y":182.93097269520447},"ZT3":{"X":29.611800076687928,"Y":-383.38251440764856},"solar":{"X":201.31507309744742,"Y":-512.0766272909972}}