{"BA5":{"X":-254.00942512998705,"Y":180.09325276060585},"FT9":{"X":-289.2659231360021,"Y":-20.687312421262593},"GQ6":{"X":-193.71025563756282,"Y":-65.16712317798059},"JJ2":{"X":-42.725339731977314,"Y":75.37880361509063},"NF0":{"X":23.250074322128814,"Y":-858.5558316210206},"RJ9":{"X":521.5229527160159,"Y":-65.82614399472726},"WQ0":{"X":31.03439176749198,"Y":-177.14334647567975},"YA6":{"X":-21.458972885486475,"Y":384.4596192650327},"YC8":{"X":-145.8114802962768,"Y":116.68886553186785},"solar":{"X":-544.7237259630214,"Y":-96.31712551605007}}