{"SpawnDistance":5000,"Points":{"FW8-S1":{"pid":"FW8-sv","orb":1042.234489763826,"per":8.4272545015048,"t":"STAR","s":177.82,"m":312395.26,"gd":592.74,"wic":{},"woc":{},"wgc":{},"clr":{"R":248,"G":235,"B":210,"A":255}},"FW8-S2":{"pid":"FW8-sv","orb":681.4072949094782,"per":8.4272545015048,"ang":180,"t":"STAR","s":336.95,"m":2125342.3,"gd":1123.17,"wic":{},"woc":{},"wgc":{},"clr":{"R":207,"G":173,"B":243,"A":255}},"FW8-sv":{"iv":true,"wic":{},"woc":{},"wgc":{},"clr":{}}}}