{"SpawnDistance":5000,"Points":{"YF5-S1":{"pid":"YF5-sv","orb":806.4222885360742,"per":12.788480108950058,"t":"STAR","s":313.81,"m":1716856.62,"gd":1046.03,"wic":{},"woc":{},"wgc":{},"clr":{"R":168,"G":198,"B":251,"A":255}},"YF5-S2":{"pid":"YF5-sv","orb":2028.034515190552,"per":12.788480108950058,"ang":180,"t":"STAR","s":144.16,"m":166464.54,"gd":480.55,"wic":{},"woc":{},"wgc":{},"clr":{"R":192,"G":240,"B":223,"A":255}},"YF5-sv":{"iv":true,"wic":{},"woc":{},"wgc":{},"clr":{}}}}