{"SpawnDistance":5000,"Points":{"LN3-S1":{"pid":"LN3-sv","orb":1107.5833509983765,"per":10.018111147439173,"t":"STAR","s":272.93,"m":1129559.74,"gd":909.78,"wic":{},"woc":{},"wgc":{},"clr":{"R":187,"G":237,"B":234,"A":255}},"LN3-S2":{"pid":"LN3-sv","orb":906.1399385606343,"per":10.018111147439173,"ang":180,"t":"STAR","s":292.58,"m":1391452.72,"gd":975.27,"wic":{},"woc":{},"wgc":{},"clr":{"R":181,"G":245,"B":189,"A":255}},"LN3-sv":{"iv":true,"wic":{},"woc":{},"wgc":{},"clr":{}}}}