{"SpawnDistance":5000,"Points":{"LB6-S1":{"pid":"LB6-sv","orb":845.3517888260817,"per":9.379378115997687,"t":"STAR","s":379.49,"m":3036367.97,"gd":1264.99,"wic":{},"woc":{},"wgc":{},"clr":{"R":254,"G":246,"B":251,"A":255}},"LB6-S2":{"pid":"LB6-sv","orb":1040.664194548187,"per":9.379378115997687,"ang":180,"t":"STAR","s":412.25,"m":3892350.7,"gd":1374.16,"wic":{},"woc":{},"wgc":{},"clr":{"R":252,"G":217,"B":243,"A":255}},"LB6-sv":{"iv":true,"wic":{},"woc":{},"wgc":{},"clr":{}}}}