{"SpawnDistance":5000,"Points":{"CV0-S1":{"pid":"CV0-sv","orb":1081.768140298282,"per":9.645804229562891,"t":"STAR","s":420.92,"m":4143323.68,"gd":1403.09,"wic":{},"woc":{},"wgc":{},"clr":{"R":249,"G":235,"B":219,"A":255}},"CV0-S2":{"pid":"CV0-sv","orb":860.0876266276293,"per":9.645804229562891,"ang":180,"t":"STAR","s":397.59,"m":3491811.24,"gd":1325.31,"wic":{},"woc":{},"wgc":{},"clr":{"R":185,"G":233,"B":242,"A":255}},"CV0-sv":{"iv":true,"wic":{},"woc":{},"wgc":{},"clr":{}}}}