{"SpawnDistance":5000,"Points":{"UK4-S1":{"pid":"UK4-sv","orb":1237.6432804395115,"per":12.175014647962684,"t":"STAR","s":259.35,"m":969214.21,"gd":864.52,"wic":{},"woc":{},"wgc":{},"clr":{"R":198,"G":249,"B":183,"A":255}},"UK4-S2":{"pid":"UK4-sv","orb":1197.687443715334,"per":12.175014647962684,"ang":180,"t":"STAR","s":299.42,"m":1491325.92,"gd":998.06,"wic":{},"woc":{},"wgc":{},"clr":{"R":219,"G":254,"B":250,"A":255}},"UK4-sv":{"iv":true,"wic":{},"woc":{},"wgc":{},"clr":{}}}}