{"SpawnDistance":5000,"Points":{"NK8-S1":{"pid":"NK8-sv","orb":803.4257581451933,"per":7.957242865501584,"t":"STAR","s":304.61,"m":1570348.57,"gd":1015.39,"wic":{},"woc":{},"wgc":{},"clr":{"R":205,"G":245,"B":187,"A":255}},"NK8-S2":{"pid":"NK8-sv","orb":788.0966396540801,"per":7.957242865501584,"ang":180,"t":"STAR","s":412.37,"m":3895862.46,"gd":1374.58,"wic":{},"woc":{},"wgc":{},"clr":{"R":192,"G":175,"B":253,"A":255}},"NK8-sv":{"iv":true,"wic":{},"woc":{},"wgc":{},"clr":{}}}}