{"SpawnDistance":5000,"Points":{"EF2-S1":{"pid":"EF2-sv","orb":1225.1100855283275,"per":13.878067625986006,"t":"STAR","s":311.92,"m":1686009.98,"gd":1039.73,"wic":{},"woc":{},"wgc":{},"clr":{"R":245,"G":250,"B":254,"A":255}},"EF2-S2":{"pid":"EF2-sv","orb":1572.10983165143,"per":13.878067625986006,"ang":180,"t":"STAR","s":312.61,"m":1697249.31,"gd":1042.04,"wic":{},"woc":{},"wgc":{},"clr":{"R":253,"G":254,"B":254,"A":255}},"EF2-sv":{"iv":true,"wic":{},"woc":{},"wgc":{},"clr":{}}}}