{"SpawnDistance":5000,"Points":{"NX6-S1":{"pid":"NX6-sv","orb":1256.2614097699693,"per":11.662633878896909,"t":"STAR","s":333.02,"m":2051816.44,"gd":1110.06,"wic":{},"woc":{},"wgc":{},"clr":{"R":203,"G":252,"B":163,"A":255}},"NX6-S2":{"pid":"NX6-sv","orb":1082.712785216412,"per":11.662633878896909,"ang":180,"t":"STAR","s":401.45,"m":3594391.29,"gd":1338.17,"wic":{},"woc":{},"wgc":{},"clr":{"R":253,"G":248,"B":243,"A":255}},"NX6-sv":{"iv":true,"wic":{},"woc":{},"wgc":{},"clr":{}}}}