{"SpawnDistance":5000,"Points":{"CP3-S1":{"pid":"CP3-sv","orb":1387.0545127953985,"per":11.9168020050672,"t":"STAR","s":231.28,"m":687327.59,"gd":770.94,"wic":{},"woc":{},"wgc":{},"clr":{"R":222,"G":239,"B":189,"A":255}},"CP3-S2":{"pid":"CP3-sv","orb":1023.8254424606112,"per":11.9168020050672,"ang":180,"t":"STAR","s":256.32,"m":935594.57,"gd":854.4,"wic":{},"woc":{},"wgc":{},"clr":{"R":240,"G":230,"B":207,"A":255}},"CP3-sv":{"iv":true,"wic":{},"woc":{},"wgc":{},"clr":{}}}}