{"SpawnDistance":5000,"Points":{"UW5-S1":{"pid":"UW5-sv","orb":1102.2376977386966,"per":10.992210653836025,"t":"STAR","s":206.55,"m":489579.73,"gd":688.51,"wic":{},"woc":{},"wgc":{},"clr":{"R":212,"G":231,"B":254,"A":255}},"UW5-S2":{"pid":"UW5-sv","orb":1096.2126890251818,"per":10.992210653836025,"ang":180,"t":"STAR","s":341.39,"m":2210546.04,"gd":1137.98,"wic":{},"woc":{},"wgc":{},"clr":{"R":249,"G":208,"B":219,"A":255}},"UW5-sv":{"iv":true,"wic":{},"woc":{},"wgc":{},"clr":{}}}}