{"SpawnDistance":5000,"Points":{"AQ1-S1":{"pid":"AQ1-sv","orb":695.3364582850269,"per":6.350880521389569,"t":"STAR","s":320.9,"m":1835941.53,"gd":1069.68,"wic":{},"woc":{},"wgc":{},"clr":{"R":233,"G":246,"B":254,"A":255}},"AQ1-S2":{"pid":"AQ1-sv","orb":580.0599539458086,"per":6.350880521389569,"ang":180,"t":"STAR","s":304.71,"m":1571889.25,"gd":1015.72,"wic":{},"woc":{},"wgc":{},"clr":{"R":186,"G":238,"B":241,"A":255}},"AQ1-sv":{"iv":true,"wic":{},"woc":{},"wgc":{},"clr":{}}}}