{"SpawnDistance":5000,"Points":{"WY9-S1":{"pid":"WY9-sv","orb":795.8281183390166,"per":10.3022961561327,"t":"STAR","s":460.92,"m":5440155.48,"gd":1536.4,"wic":{},"woc":{},"wgc":{},"clr":{"R":243,"G":192,"B":222,"A":255}},"WY9-S2":{"pid":"WY9-sv","orb":1333.6712242611782,"per":10.3022961561327,"ang":180,"t":"STAR","s":181.09,"m":329961.05,"gd":603.65,"wic":{},"woc":{},"wgc":{},"clr":{"R":252,"G":252,"B":254,"A":255}},"WY9-sv":{"iv":true,"wic":{},"woc":{},"wgc":{},"clr":{}}}}