{"SpawnDistance":5000,"Points":{"SV3-S1":{"pid":"SV3-sv","orb":723.5888956858204,"per":6.8359495380273145,"t":"STAR","s":184.47,"m":348779.39,"gd":614.92,"wic":{},"woc":{},"wgc":{},"clr":{"R":235,"G":244,"B":190,"A":255}},"SV3-S2":{"pid":"SV3-sv","orb":645.8115425080534,"per":6.8359495380273145,"ang":180,"t":"STAR","s":335.6,"m":2100003.06,"gd":1118.68,"wic":{},"woc":{},"wgc":{},"clr":{"R":245,"G":246,"B":254,"A":255}},"SV3-sv":{"iv":true,"wic":{},"woc":{},"wgc":{},"clr":{}}}}