{"SpawnDistance":5000,"Points":{"GI3-S1":{"pid":"GI3-sv","orb":940.8692092073451,"per":10.90837722309663,"t":"STAR","s":372.69,"m":2876098.76,"gd":1242.33,"wic":{},"woc":{},"wgc":{},"clr":{"R":243,"G":215,"B":206,"A":255}},"GI3-S2":{"pid":"GI3-sv","orb":1264.7102538473039,"per":10.90837722309663,"ang":180,"t":"STAR","s":310.32,"m":1660247.37,"gd":1034.41,"wic":{},"woc":{},"wgc":{},"clr":{"R":242,"G":242,"B":171,"A":255}},"GI3-sv":{"iv":true,"wic":{},"woc":{},"wgc":{},"clr":{}}}}