{"SpawnDistance":5000,"Points":{"OS6-S1":{"pid":"OS6-sv","orb":1000.8606786707315,"per":10.148613584713303,"t":"STAR","s":394.57,"m":3412792.1,"gd":1315.24,"wic":{},"woc":{},"wgc":{},"clr":{"R":235,"G":245,"B":210,"A":255}},"OS6-S2":{"pid":"OS6-sv","orb":1029.0578887424851,"per":10.148613584713303,"ang":180,"t":"STAR","s":243.01,"m":797286.51,"gd":810.04,"wic":{},"woc":{},"wgc":{},"clr":{"R":248,"G":250,"B":237,"A":255}},"OS6-sv":{"iv":true,"wic":{},"woc":{},"wgc":{},"clr":{}}}}