{"SpawnDistance":5000,"Points":{"PO5-S1":{"pid":"PO5-sv","orb":1067.509635772658,"per":9.517628337153443,"t":"STAR","s":359.53,"m":2582062.04,"gd":1198.46,"wic":{},"woc":{},"wgc":{},"clr":{"R":220,"G":233,"B":249,"A":255}},"PO5-S2":{"pid":"PO5-sv","orb":848.5661030930281,"per":9.517628337153443,"ang":180,"t":"STAR","s":316.51,"m":1761598.47,"gd":1055.04,"wic":{},"woc":{},"wgc":{},"clr":{"R":252,"G":233,"B":219,"A":255}},"PO5-sv":{"iv":true,"wic":{},"woc":{},"wgc":{},"clr":{}}}}