{"SpawnDistance":5000,"Points":{"FD5-S1":{"pid":"FD5-sv","orb":1275.6870492835128,"per":11.713355556118971,"t":"STAR","s":275.36,"m":1160020.06,"gd":917.89,"wic":{},"woc":{},"wgc":{},"clr":{"R":253,"G":248,"B":247,"A":255}},"FD5-S2":{"pid":"FD5-sv","orb":1075.5200380933775,"per":11.713355556118971,"ang":180,"t":"STAR","s":336.82,"m":2122873.38,"gd":1122.73,"wic":{},"woc":{},"wgc":{},"clr":{"R":254,"G":253,"B":254,"A":255}},"FD5-sv":{"iv":true,"wic":{},"woc":{},"wgc":{},"clr":{}}}}