{"SpawnDistance":5000,"Points":{"BV4-S1":{"pid":"BV4-sv","orb":1037.7124799962207,"per":11.017000833518797,"t":"STAR","s":257.3,"m":946358.86,"gd":857.67,"wic":{},"woc":{},"wgc":{},"clr":{"R":208,"G":249,"B":246,"A":255}},"BV4-S2":{"pid":"BV4-sv","orb":1169.6333011837337,"per":11.017000833518797,"ang":180,"t":"STAR","s":334.45,"m":2078511.56,"gd":1114.86,"wic":{},"woc":{},"wgc":{},"clr":{"R":169,"G":250,"B":200,"A":255}},"BV4-sv":{"iv":true,"wic":{},"woc":{},"wgc":{},"clr":{}}}}