{"SpawnDistance":5000,"Points":{"CG7-S1":{"pid":"CG7-sv","orb":1421.7522796884396,"per":10.529682925101264,"t":"STAR","s":231.32,"m":687680.64,"gd":771.07,"wic":{},"woc":{},"wgc":{},"clr":{"R":232,"G":222,"B":246,"A":255}},"CG7-S2":{"pid":"CG7-sv","orb":779.8420588955618,"per":10.529682925101264,"ang":180,"t":"STAR","s":334.91,"m":2087134.34,"gd":1116.39,"wic":{},"woc":{},"wgc":{},"clr":{"R":220,"G":191,"B":237,"A":255}},"CG7-sv":{"iv":true,"wic":{},"woc":{},"wgc":{},"clr":{}}}}