{"SpawnDistance":5000,"Points":{"UM5-S1":{"pid":"UM5-sv","orb":1032.451718274734,"per":9.609186439606558,"t":"STAR","s":289.76,"m":1351672.7,"gd":965.88,"wic":{},"woc":{},"wgc":{},"clr":{"R":238,"G":192,"B":222,"A":255}},"UM5-S2":{"pid":"UM5-sv","orb":894.3417149367168,"per":9.609186439606558,"ang":180,"t":"STAR","s":192.09,"m":393809.42,"gd":640.32,"wic":{},"woc":{},"wgc":{},"clr":{"R":174,"G":204,"B":239,"A":255}},"UM5-sv":{"iv":true,"wic":{},"woc":{},"wgc":{},"clr":{}}}}