{"SpawnDistance":5000,"Points":{"FZ5-S1":{"pid":"FZ5-sv","orb":1222.047979180922,"per":12.440417201416878,"t":"STAR","s":354.52,"m":2475516.68,"gd":1181.74,"wic":{},"woc":{},"wgc":{},"clr":{"R":237,"G":173,"B":173,"A":255}},"FZ5-S2":{"pid":"FZ5-sv","orb":1266.431292239766,"per":12.440417201416878,"ang":180,"t":"STAR","s":283.71,"m":1268759.16,"gd":945.72,"wic":{},"woc":{},"wgc":{},"clr":{"R":251,"G":241,"B":244,"A":255}},"FZ5-sv":{"iv":true,"wic":{},"woc":{},"wgc":{},"clr":{}}}}