{"SpawnDistance":5000,"Points":{"KO4-S1":{"pid":"KO4-sv","orb":552.0934607472753,"per":9.29886682899292,"t":"STAR","s":463.17,"m":5520161.6,"gd":1543.9,"wic":{},"woc":{},"wgc":{},"clr":{"R":173,"G":180,"B":245,"A":255}},"KO4-S2":{"pid":"KO4-sv","orb":1566.2008419064869,"per":9.29886682899292,"ang":180,"t":"STAR","s":171.29,"m":279222.59,"gd":570.97,"wic":{},"woc":{},"wgc":{},"clr":{"R":208,"G":196,"B":248,"A":255}},"KO4-sv":{"iv":true,"wic":{},"woc":{},"wgc":{},"clr":{}}}}