{"SpawnDistance":5000,"Points":{"FO3-S1":{"pid":"FO3-sv","orb":918.490166003468,"per":7.787837744571387,"t":"STAR","s":231.25,"m":687044.82,"gd":770.84,"wic":{},"woc":{},"wgc":{},"clr":{"R":243,"G":240,"B":187,"A":255}},"FO3-S2":{"pid":"FO3-sv","orb":660.3273391556569,"per":7.787837744571387,"ang":180,"t":"STAR","s":330.88,"m":2012656.85,"gd":1102.95,"wic":{},"woc":{},"wgc":{},"clr":{"R":254,"G":170,"B":213,"A":255}},"FO3-sv":{"iv":true,"wic":{},"woc":{},"wgc":{},"clr":{}}}}