{"SpawnDistance":5000,"Points":{"WU9-S1":{"pid":"WU9-sv","orb":1073.990823907218,"per":12.284619018478523,"t":"STAR","s":420.57,"m":4132842.33,"gd":1401.9,"wic":{},"woc":{},"wgc":{},"clr":{"R":189,"G":254,"B":244,"A":255}},"WU9-S2":{"pid":"WU9-sv","orb":1405.150407897726,"per":12.284619018478523,"ang":180,"t":"STAR","s":310.38,"m":1661277,"gd":1034.62,"wic":{},"woc":{},"wgc":{},"clr":{"R":249,"G":237,"B":231,"A":255}},"WU9-sv":{"iv":true,"wic":{},"woc":{},"wgc":{},"clr":{}}}}