{"SpawnDistance":5000,"Points":{"BO7-S1":{"pid":"BO7-sv","orb":1678.0630871967287,"per":11.142164353893072,"t":"STAR","s":213.97,"m":544296.93,"gd":713.26,"wic":{},"woc":{},"wgc":{},"clr":{"R":232,"G":220,"B":250,"A":255}},"BO7-S2":{"pid":"BO7-sv","orb":739.8281234858656,"per":11.142164353893072,"ang":180,"t":"STAR","s":374.32,"m":2913965.74,"gd":1247.76,"wic":{},"woc":{},"wgc":{},"clr":{"R":234,"G":248,"B":240,"A":255}},"BO7-sv":{"iv":true,"wic":{},"woc":{},"wgc":{},"clr":{}}}}