{"SpawnDistance":5000,"Points":{"IU3-S1":{"pid":"IU3-sv","orb":778.8854014162197,"per":8.330574451886271,"t":"STAR","s":277.7,"m":1189760.21,"gd":925.66,"wic":{},"woc":{},"wgc":{},"clr":{"R":254,"G":229,"B":249,"A":255}},"IU3-S2":{"pid":"IU3-sv","orb":890.9971938392408,"per":8.330574451886271,"ang":180,"t":"STAR","s":158.96,"m":223175.5,"gd":529.88,"wic":{},"woc":{},"wgc":{},"clr":{"R":182,"G":240,"B":197,"A":255}},"IU3-sv":{"iv":true,"wic":{},"woc":{},"wgc":{},"clr":{}}}}