{"SpawnDistance":5000,"Points":{"OA8-S1":{"pid":"OA8-sv1","orb":1966.6604806523553,"per":23.585779337343492,"t":"STAR","s":271.08,"m":1106744.61,"gd":903.61,"wic":{},"woc":{},"wgc":{},"clr":{"R":251,"G":254,"B":247,"A":255}},"OA8-S2":{"pid":"OA8-sv2","orb":260.80824240527625,"per":8.659473716957102,"t":"STAR","s":96.03,"m":78721.6,"gd":320.1,"wic":{},"woc":{},"wgc":{},"clr":{"R":239,"G":181,"B":210,"A":255}},"OA8-S3":{"pid":"OA8-sv2","orb":404.3190645956271,"per":8.659473716957102,"ang":180,"t":"STAR","s":63.69,"m":22968.62,"gd":212.31,"wic":{},"woc":{},"wgc":{},"clr":{"R":251,"G":249,"B":234,"A":255}},"OA8-sv1":{"iv":true,"wic":{},"woc":{},"wgc":{},"clr":{}},"OA8-sv2":{"pid":"OA8-sv1","iv":true,"orb":1257.154207285855,"per":23.585779337343492,"ang":180,"wic":{},"woc":{},"wgc":{},"clr":{}}}}