{"SpawnDistance":5000,"Points":{"UU0-S1":{"pid":"UU0-sv","orb":978.7520767825972,"per":10.399850095766173,"t":"STAR","s":328.12,"m":1962679.41,"gd":1093.75,"wic":{},"woc":{},"wgc":{},"clr":{"R":247,"G":204,"B":216,"A":255}},"UU0-S2":{"pid":"UU0-sv","orb":1105.0488124627675,"per":10.399850095766173,"ang":180,"t":"STAR","s":283.82,"m":1270229.6,"gd":946.08,"wic":{},"woc":{},"wgc":{},"clr":{"R":248,"G":234,"B":216,"A":255}},"UU0-sv":{"iv":true,"wic":{},"woc":{},"wgc":{},"clr":{}}}}