{"SpawnDistance":5000,"Points":{"VV4-S1":{"pid":"VV4-sv","orb":827.0596012312736,"per":9.699868185466904,"t":"STAR","s":315.87,"m":1751027.41,"gd":1052.93,"wic":{},"woc":{},"wgc":{},"clr":{"R":250,"G":231,"B":250,"A":255}},"VV4-S2":{"pid":"VV4-sv","orb":1137.6138149579742,"per":9.699868185466904,"ang":180,"t":"STAR","s":270.44,"m":1098926.93,"gd":901.48,"wic":{},"woc":{},"wgc":{},"clr":{"R":249,"G":237,"B":235,"A":255}},"VV4-sv":{"iv":true,"wic":{},"woc":{},"wgc":{},"clr":{}}}}