{"SpawnDistance":5000,"Points":{"HP7-S1":{"pid":"HP7-sv","orb":590.1036277046354,"per":8.537541731187094,"t":"STAR","s":378.28,"m":3007379.71,"gd":1260.95,"wic":{},"woc":{},"wgc":{},"clr":{"R":229,"G":234,"B":187,"A":255}},"HP7-S2":{"pid":"HP7-sv","orb":1235.2003171931788,"per":8.537541731187094,"ang":180,"t":"STAR","s":146.61,"m":175085,"gd":488.71,"wic":{},"woc":{},"wgc":{},"clr":{"R":231,"G":176,"B":196,"A":255}},"HP7-sv":{"iv":true,"wic":{},"woc":{},"wgc":{},"clr":{}}}}