{"SpawnDistance":5000,"Points":{"OU4-S1":{"pid":"OU4-sv","orb":827.7191345308239,"per":6.494887173038364,"t":"STAR","s":267.84,"m":1067562.65,"gd":892.82,"wic":{},"woc":{},"wgc":{},"clr":{"R":253,"G":209,"B":249,"A":255}},"OU4-S2":{"pid":"OU4-sv","orb":509.6361510889704,"per":6.494887173038364,"ang":180,"t":"STAR","s":507.96,"m":7281788.14,"gd":1693.22,"wic":{},"woc":{},"wgc":{},"clr":{"R":231,"G":219,"B":245,"A":255}},"OU4-sv":{"iv":true,"wic":{},"woc":{},"wgc":{},"clr":{}}}}