{"SpawnDistance":5000,"Points":{"PZ2-S1":{"pid":"PZ2-sv1","orb":2534.6486530788366,"per":34.11872838732704,"t":"STAR","s":290.87,"m":1367283.04,"gd":969.59,"wic":{},"woc":{},"wgc":{},"clr":{"R":236,"G":252,"B":253,"A":255}},"PZ2-S2":{"pid":"PZ2-sv2","orb":342.79125394121326,"per":9.101232318372594,"t":"STAR","s":86.18,"m":56898.3,"gd":287.27,"wic":{},"woc":{},"wgc":{},"clr":{"R":234,"G":254,"B":253,"A":255}},"PZ2-S3":{"pid":"PZ2-sv2","orb":339.8076903790202,"per":9.101232318372594,"ang":180,"t":"STAR","s":76.37,"m":39602.2,"gd":254.58,"wic":{},"woc":{},"wgc":{},"clr":{"R":228,"G":254,"B":249,"A":255}},"PZ2-sv1":{"iv":true,"wic":{},"woc":{},"wgc":{},"clr":{}},"PZ2-sv2":{"pid":"PZ2-sv1","iv":true,"orb":2041.1991931709777,"per":34.11872838732704,"ang":180,"wic":{},"woc":{},"wgc":{},"clr":{}}}}