{"SpawnDistance":5000,"Points":{"XS4-S1":{"pid":"XS4-sv","orb":1243.0406121776878,"per":10.907790621377396,"t":"STAR","s":317.43,"m":1777056.02,"gd":1058.12,"wic":{},"woc":{},"wgc":{},"clr":{"R":200,"G":230,"B":240,"A":255}},"XS4-S2":{"pid":"XS4-sv","orb":957.1682137671056,"per":10.907790621377396,"ang":180,"t":"STAR","s":296.3,"m":1445211.3,"gd":987.67,"wic":{},"woc":{},"wgc":{},"clr":{"R":226,"G":228,"B":251,"A":255}},"XS4-sv":{"iv":true,"wic":{},"woc":{},"wgc":{},"clr":{}}}}