{"SpawnDistance":5000,"Points":{"FS5-S1":{"pid":"FS5-sv","orb":1312.6300572342911,"per":12.473436282903922,"t":"STAR","s":357.7,"m":2542673.21,"gd":1192.33,"wic":{},"woc":{},"wgc":{},"clr":{"R":235,"G":214,"B":253,"A":255}},"FS5-S2":{"pid":"FS5-sv","orb":1185.3043578133863,"per":12.473436282903922,"ang":180,"t":"STAR","s":376.18,"m":2957614.55,"gd":1253.95,"wic":{},"woc":{},"wgc":{},"clr":{"R":199,"G":207,"B":252,"A":255}},"FS5-sv":{"iv":true,"wic":{},"woc":{},"wgc":{},"clr":{}}}}