{"SpawnDistance":5000,"Points":{"VD2-S1":{"pid":"VD2-sv1","orb":1743.5246724933993,"per":31.80963938949276,"t":"STAR","s":332.2,"m":2036822.86,"gd":1107.35,"wic":{},"woc":{},"wgc":{},"clr":{"R":231,"G":248,"B":223,"A":255}},"VD2-S2":{"pid":"VD2-sv2","orb":125.86954854445528,"per":8.391303236297018,"t":"STAR","s":334.37,"m":3323013.12,"gd":1114.56,"wic":{},"woc":{},"wgc":{},"clr":{"R":203,"G":240,"B":213,"A":255}},"VD2-S3":{"pid":"VD2-sv2","orb":786.6846784028454,"per":8.391303236297018,"ang":180,"t":"STAR","s":35.76,"m":4065.63,"gd":119.2,"wic":{},"woc":{},"wgc":{},"clr":{"R":248,"G":253,"B":193,"A":255}},"VD2-sv1":{"iv":true,"wic":{},"woc":{},"wgc":{},"clr":{}},"VD2-sv2":{"pid":"VD2-sv1","iv":true,"orb":2579.3298013004046,"per":31.80963938949276,"ang":180,"wic":{},"woc":{},"wgc":{},"clr":{}}}}