{"SpawnDistance":5000,"Points":{"PN9-S1":{"pid":"PN9-sv1","orb":1743.1441077680754,"per":26.320574880894277,"t":"STAR","s":198.77,"m":436358.05,"gd":662.59,"wic":{},"woc":{},"wgc":{},"clr":{"R":200,"G":186,"B":236,"A":255}},"PN9-S2":{"pid":"PN9-sv2","orb":312.556945037717,"per":6.507313101433398,"t":"STAR","s":89.74,"m":64259.37,"gd":299.16,"wic":{},"woc":{},"wgc":{},"clr":{"R":248,"G":254,"B":239,"A":255}},"PN9-S3":{"pid":"PN9-sv2","orb":190.51834006339612,"per":6.507313101433398,"ang":180,"t":"STAR","s":174.62,"m":473326,"gd":582.08,"wic":{},"woc":{},"wgc":{},"clr":{"R":199,"G":245,"B":240,"A":255}},"PN9-sv1":{"iv":true,"wic":{},"woc":{},"wgc":{},"clr":{}},"PN9-sv2":{"pid":"PN9-sv1","iv":true,"orb":1766.3425504740908,"per":26.320574880894277,"ang":180,"wic":{},"woc":{},"wgc":{},"clr":{}}}}