{"SpawnDistance":5000,"Points":{"SE0-S1":{"pid":"SE0-sv","orb":1473.4233314816936,"per":11.474876124068984,"t":"STAR","s":228.8,"m":665473.41,"gd":762.68,"wic":{},"woc":{},"wgc":{},"clr":{"R":241,"G":252,"B":208,"A":255}},"SE0-S2":{"pid":"SE0-sv","orb":893.6520771007243,"per":11.474876124068984,"ang":180,"t":"STAR","s":426.79,"m":4319079.97,"gd":1422.65,"wic":{},"woc":{},"wgc":{},"clr":{"R":251,"G":232,"B":239,"A":255}},"SE0-sv":{"iv":true,"wic":{},"woc":{},"wgc":{},"clr":{}}}}