{"SpawnDistance":5000,"Points":{"RR1-S1":{"pid":"RR1-sv","orb":1162.0696055389321,"per":9.609674664576136,"t":"STAR","s":211.94,"m":528894.8,"gd":706.46,"wic":{},"woc":{},"wgc":{},"clr":{"R":244,"G":250,"B":236,"A":255}},"RR1-S2":{"pid":"RR1-sv","orb":794.6670898097308,"per":9.609674664576136,"ang":180,"t":"STAR","s":375.94,"m":2951914.94,"gd":1253.15,"wic":{},"woc":{},"wgc":{},"clr":{"R":254,"G":202,"B":160,"A":255}},"RR1-sv":{"iv":true,"wic":{},"woc":{},"wgc":{},"clr":{}}}}