{"SpawnDistance":5000,"Points":{"XD6-S1":{"pid":"XD6-sv","orb":614.8063499546405,"per":7.549092093080184,"t":"STAR","s":367.95,"m":2767638.1,"gd":1226.51,"wic":{},"woc":{},"wgc":{},"clr":{"R":253,"G":250,"B":237,"A":255}},"XD6-S2":{"pid":"XD6-sv","orb":926.9388878955186,"per":7.549092093080184,"ang":180,"t":"STAR","s":299.31,"m":1489740.04,"gd":997.71,"wic":{},"woc":{},"wgc":{},"clr":{"R":236,"G":254,"B":242,"A":255}},"XD6-sv":{"iv":true,"wic":{},"woc":{},"wgc":{},"clr":{}}}}