{"SpawnDistance":5000,"Points":{"MQ6-S1":{"pid":"MQ6-sv","orb":495.36900690263656,"per":6.494572453882923,"t":"STAR","s":513.16,"m":7507646.77,"gd":1710.55,"wic":{},"woc":{},"wgc":{},"clr":{"R":250,"G":246,"B":221,"A":255}},"MQ6-S2":{"pid":"MQ6-sv","orb":851.4757841324764,"per":6.494572453882923,"ang":180,"t":"STAR","s":210.19,"m":515931.57,"gd":700.64,"wic":{},"woc":{},"wgc":{},"clr":{"R":203,"G":245,"B":245,"A":255}},"MQ6-sv":{"iv":true,"wic":{},"woc":{},"wgc":{},"clr":{}}}}