{"SpawnDistance":5000,"Points":{"LX8-S1":{"pid":"LX8-sv","orb":1363.399054263268,"per":12.781984380310385,"t":"STAR","s":320.5,"m":1829096.32,"gd":1068.35,"wic":{},"woc":{},"wgc":{},"clr":{"R":199,"G":210,"B":253,"A":255}},"LX8-S2":{"pid":"LX8-sv","orb":1198.322121374676,"per":12.781984380310385,"ang":180,"t":"STAR","s":261.74,"m":996240.14,"gd":872.48,"wic":{},"woc":{},"wgc":{},"clr":{"R":245,"G":225,"B":197,"A":255}},"LX8-sv":{"iv":true,"wic":{},"woc":{},"wgc":{},"clr":{}}}}