{"SpawnDistance":5000,"Points":{"IB8-S1":{"pid":"IB8-sv","orb":748.077454454472,"per":10.56368261680744,"t":"STAR","s":508.83,"m":7318943.56,"gd":1696.1,"wic":{},"woc":{},"wgc":{},"clr":{"R":250,"G":238,"B":247,"A":255}},"IB8-S2":{"pid":"IB8-sv","orb":1491.7090438184189,"per":10.56368261680744,"ang":180,"t":"STAR","s":202.71,"m":462816.58,"gd":675.72,"wic":{},"woc":{},"wgc":{},"clr":{"R":248,"G":240,"B":254,"A":255}},"IB8-sv":{"iv":true,"wic":{},"woc":{},"wgc":{},"clr":{}}}}