{"SpawnDistance":5000,"Points":{"AU4-S1":{"pid":"AU4-sv","orb":556.0546364152883,"per":8.959336439653732,"t":"STAR","s":341.64,"m":2215491.25,"gd":1138.83,"wic":{},"woc":{},"wgc":{},"clr":{"R":250,"G":193,"B":219,"A":255}},"AU4-S2":{"pid":"AU4-sv","orb":1443.557956037938,"per":8.959336439653732,"ang":180,"t":"STAR","s":205.85,"m":484600.38,"gd":686.16,"wic":{},"woc":{},"wgc":{},"clr":{"R":254,"G":246,"B":252,"A":255}},"AU4-sv":{"iv":true,"wic":{},"woc":{},"wgc":{},"clr":{}}}}