{"SpawnDistance":5000,"Points":{"MW1-S1":{"pid":"MW1-sv","orb":873.147020727138,"per":8.340127908797758,"t":"STAR","s":292.12,"m":1384992.2,"gd":973.76,"wic":{},"woc":{},"wgc":{},"clr":{"R":250,"G":240,"B":250,"A":255}},"MW1-S2":{"pid":"MW1-sv","orb":796.6325473707863,"per":8.340127908797758,"ang":180,"t":"STAR","s":297.76,"m":1466658.55,"gd":992.53,"wic":{},"woc":{},"wgc":{},"clr":{"R":246,"G":233,"B":250,"A":255}},"MW1-sv":{"iv":true,"wic":{},"woc":{},"wgc":{},"clr":{}}}}