{"SpawnDistance":5000,"Points":{"ZH4-S1":{"pid":"ZH4-sv","orb":1157.9796065422795,"per":10.734868169016485,"t":"STAR","s":285.35,"m":1290886.21,"gd":951.18,"wic":{},"woc":{},"wgc":{},"clr":{"R":207,"G":248,"B":199,"A":255}},"ZH4-S2":{"pid":"ZH4-sv","orb":995.1591025878388,"per":10.734868169016485,"ang":180,"t":"STAR","s":366.22,"m":2728822.23,"gd":1220.75,"wic":{},"woc":{},"wgc":{},"clr":{"R":243,"G":211,"B":247,"A":255}},"ZH4-sv":{"iv":true,"wic":{},"woc":{},"wgc":{},"clr":{}}}}