{"SpawnDistance":5000,"Points":{"NL8-S1":{"pid":"NL8-sv1","orb":3294.5786430483054,"per":38.288079496487796,"t":"STAR","s":258.57,"m":960478.77,"gd":861.91,"wic":{},"woc":{},"wgc":{},"clr":{"R":217,"G":249,"B":245,"A":255}},"NL8-S2":{"pid":"NL8-sv2","orb":381.4580201955523,"per":11.543642899033568,"t":"STAR","s":90.34,"m":65537.63,"gd":301.13,"wic":{},"woc":{},"wgc":{},"clr":{"R":196,"G":250,"B":248,"A":255}},"NL8-S3":{"pid":"NL8-sv2","orb":491.2488559229507,"per":11.543642899033568,"ang":180,"t":"STAR","s":92.43,"m":70204.78,"gd":308.11,"wic":{},"woc":{},"wgc":{},"clr":{"R":180,"G":226,"B":230,"A":255}},"NL8-sv1":{"iv":true,"wic":{},"woc":{},"wgc":{},"clr":{}},"NL8-sv2":{"pid":"NL8-sv1","iv":true,"orb":1977.6287590559523,"per":38.288079496487796,"ang":180,"wic":{},"woc":{},"wgc":{},"clr":{}}}}