{"SpawnDistance":5000,"Points":{"SP2-S1":{"pid":"SP2-sv","orb":759.6067555700733,"per":11.33775249408929,"t":"STAR","s":576.56,"m":10647968.1,"gd":1921.87,"wic":{},"woc":{},"wgc":{},"clr":{"R":248,"G":253,"B":249,"A":255}},"SP2-S2":{"pid":"SP2-sv","orb":1692.2523486610798,"per":11.33775249408929,"ang":180,"t":"STAR","s":223.6,"m":621109.77,"gd":745.34,"wic":{},"woc":{},"wgc":{},"clr":{"R":196,"G":237,"B":211,"A":255}},"SP2-sv":{"iv":true,"wic":{},"woc":{},"wgc":{},"clr":{}}}}