{"SpawnDistance":5000,"Points":{"IC7-S1":{"pid":"IC7-sv","orb":1051.0707216414628,"per":12.842078155923137,"t":"STAR","s":346.7,"m":2315232.24,"gd":1155.67,"wic":{},"woc":{},"wgc":{},"clr":{"R":248,"G":227,"B":220,"A":255}},"IC7-S2":{"pid":"IC7-sv","orb":1569.056848099463,"per":12.842078155923137,"ang":180,"t":"STAR","s":260.69,"m":984321.58,"gd":868.99,"wic":{},"woc":{},"wgc":{},"clr":{"R":246,"G":247,"B":254,"A":255}},"IC7-sv":{"iv":true,"wic":{},"woc":{},"wgc":{},"clr":{}}}}