{"SpawnDistance":5000,"Points":{"FG4-S1":{"pid":"FG4-sv","orb":1037.8279594078435,"per":11.444933633256184,"t":"STAR","s":196.46,"m":421264.98,"gd":654.86,"wic":{},"woc":{},"wgc":{},"clr":{"R":225,"G":237,"B":254,"A":255}},"FG4-S2":{"pid":"FG4-sv","orb":1262.1215749899045,"per":11.444933633256184,"ang":180,"t":"STAR","s":257.78,"m":951735.09,"gd":859.29,"wic":{},"woc":{},"wgc":{},"clr":{"R":237,"G":191,"B":246,"A":255}},"FG4-sv":{"iv":true,"wic":{},"woc":{},"wgc":{},"clr":{}}}}