{"SpawnDistance":5000,"Points":{"GK7-S1":{"pid":"GK7-sv","orb":1681.2302164978976,"per":13.778928412526962,"t":"STAR","s":197.05,"m":425096.51,"gd":656.84,"wic":{},"woc":{},"wgc":{},"clr":{"R":245,"G":243,"B":252,"A":255}},"GK7-S2":{"pid":"GK7-sv","orb":1129.2853669560504,"per":13.778928412526962,"ang":180,"t":"STAR","s":208.53,"m":503841.69,"gd":695.13,"wic":{},"woc":{},"wgc":{},"clr":{"R":190,"G":205,"B":234,"A":255}},"GK7-sv":{"iv":true,"wic":{},"woc":{},"wgc":{},"clr":{}}}}