{"SpawnDistance":5000,"Points":{"JX2-S1":{"pid":"JX2-sv","orb":450.9773797802773,"per":5.686225701181464,"t":"STAR","s":404.47,"m":3676365.2,"gd":1348.26,"wic":{},"woc":{},"wgc":{},"clr":{"R":195,"G":249,"B":217,"A":255}},"JX2-S2":{"pid":"JX2-sv","orb":716.957527681983,"per":5.686225701181464,"ang":180,"t":"STAR","s":278.23,"m":1196623.97,"gd":927.44,"wic":{},"woc":{},"wgc":{},"clr":{"R":238,"G":231,"B":253,"A":255}},"JX2-sv":{"iv":true,"wic":{},"woc":{},"wgc":{},"clr":{}}}}