{"SpawnDistance":5000,"Points":{"NH0-S1":{"pid":"NH0-sv","orb":1072.996760632793,"per":10.477475889745929,"t":"STAR","s":409.85,"m":3824943.48,"gd":1366.19,"wic":{},"woc":{},"wgc":{},"clr":{"R":247,"G":234,"B":254,"A":255}},"NH0-S2":{"pid":"NH0-sv","orb":1023.0925669847006,"per":10.477475889745929,"ang":180,"t":"STAR","s":296.49,"m":1447999.37,"gd":988.3,"wic":{},"woc":{},"wgc":{},"clr":{"R":203,"G":249,"B":177,"A":255}},"NH0-sv":{"iv":true,"wic":{},"woc":{},"wgc":{},"clr":{}}}}