{"SpawnDistance":5000,"Points":{"DH1-S1":{"pid":"DH1-sv","orb":722.9842024186623,"per":7.205740132847885,"t":"STAR","s":224.84,"m":631505.77,"gd":749.48,"wic":{},"woc":{},"wgc":{},"clr":{"R":234,"G":229,"B":251,"A":255}},"DH1-S2":{"pid":"DH1-sv","orb":718.1718589207501,"per":7.205740132847885,"ang":180,"t":"STAR","s":323.97,"m":1889131.49,"gd":1079.91,"wic":{},"woc":{},"wgc":{},"clr":{"R":241,"G":252,"B":247,"A":255}},"DH1-sv":{"iv":true,"wic":{},"woc":{},"wgc":{},"clr":{}}}}