{"SpawnDistance":5000,"Points":{"WO7-S1":{"pid":"WO7-sv","orb":1134.4476259857504,"per":10.597800177481034,"t":"STAR","s":148.96,"m":183645.5,"gd":496.55,"wic":{},"woc":{},"wgc":{},"clr":{"R":245,"G":254,"B":169,"A":255}},"WO7-S2":{"pid":"WO7-sv","orb":990.0269173222085,"per":10.597800177481034,"ang":180,"t":"STAR","s":328.9,"m":1976623.6,"gd":1096.33,"wic":{},"woc":{},"wgc":{},"clr":{"R":227,"G":241,"B":252,"A":255}},"WO7-sv":{"iv":true,"wic":{},"woc":{},"wgc":{},"clr":{}}}}