{"SpawnDistance":5000,"Points":{"CU2-S1":{"pid":"CU2-sv1","orb":2254.5103754079682,"per":39.15189894105102,"t":"STAR","s":276.78,"m":1177982.73,"gd":922.6,"wic":{},"woc":{},"wgc":{},"clr":{"R":195,"G":241,"B":237,"A":255}},"CU2-S2":{"pid":"CU2-sv2","orb":190.82432166926438,"per":7.26998076067409,"t":"STAR","s":167.67,"m":419018.27,"gd":558.9,"wic":{},"woc":{},"wgc":{},"clr":{"R":253,"G":224,"B":181,"A":255}},"CU2-S3":{"pid":"CU2-sv2","orb":389.4891206281686,"per":7.26998076067409,"ang":180,"t":"STAR","s":87.77,"m":60115.42,"gd":292.58,"wic":{},"woc":{},"wgc":{},"clr":{"R":251,"G":254,"B":253,"A":255}},"CU2-sv1":{"iv":true,"wic":{},"woc":{},"wgc":{},"clr":{}},"CU2-sv2":{"pid":"CU2-sv1","iv":true,"orb":3021.836103229069,"per":39.15189894105102,"ang":180,"wic":{},"woc":{},"wgc":{},"clr":{}}}}