{"SpawnDistance":5000,"Points":{"NT8-S1":{"pid":"NT8-sv1","orb":987.1275965320527,"per":19.602184783784665,"t":"STAR","s":508.07,"m":7286408.14,"gd":1693.58,"wic":{},"woc":{},"wgc":{},"clr":{"R":250,"G":249,"B":238,"A":255}},"NT8-S2":{"pid":"NT8-sv2","orb":244.9121295750884,"per":8.233495624008208,"t":"STAR","s":105.61,"m":104720.38,"gd":352.05,"wic":{},"woc":{},"wgc":{},"clr":{"R":253,"G":250,"B":254,"A":255}},"NT8-S3":{"pid":"NT8-sv2","orb":389.24295315986234,"per":8.233495624008208,"ang":180,"t":"STAR","s":106.53,"m":107472.6,"gd":355.1,"wic":{},"woc":{},"wgc":{},"clr":{"R":227,"G":248,"B":225,"A":255}},"NT8-sv1":{"iv":true,"wic":{},"woc":{},"wgc":{},"clr":{}},"NT8-sv2":{"pid":"NT8-sv1","iv":true,"orb":1730.0280560264368,"per":19.602184783784665,"ang":180,"wic":{},"woc":{},"wgc":{},"clr":{}}}}