{"SpawnDistance":5000,"Points":{"II4-S1":{"pid":"II4-sv","orb":1083.8930788071318,"per":11.458137564657495,"t":"STAR","s":349.4,"m":2369884.09,"gd":1164.69,"wic":{},"woc":{},"wgc":{},"clr":{"R":239,"G":212,"B":207,"A":255}},"II4-S2":{"pid":"II4-sv","orb":1211.2718405315768,"per":11.458137564657495,"ang":180,"t":"STAR","s":113.51,"m":81262.17,"gd":378.38,"wic":{},"woc":{},"wgc":{},"clr":{"R":252,"G":219,"B":228,"A":255}},"II4-sv":{"iv":true,"wic":{},"woc":{},"wgc":{},"clr":{}}}}