{"SpawnDistance":5000,"Points":{"BN6-S1":{"pid":"BN6-sv","orb":1148.7068987944228,"per":11.65818049808043,"t":"STAR","s":206.64,"m":490237.38,"gd":688.81,"wic":{},"woc":{},"wgc":{},"clr":{"R":247,"G":249,"B":219,"A":255}},"BN6-S2":{"pid":"BN6-sv","orb":1183.1840887215428,"per":11.65818049808043,"ang":180,"t":"STAR","s":240.34,"m":771273.81,"gd":801.13,"wic":{},"woc":{},"wgc":{},"clr":{"R":226,"G":219,"B":250,"A":255}},"BN6-sv":{"iv":true,"wic":{},"woc":{},"wgc":{},"clr":{}}}}