{"SpawnDistance":5000,"Points":{"QO1-S1":{"pid":"QO1-sv","orb":706.5737483823858,"per":8.94165541011084,"t":"STAR","s":252.12,"m":890385.81,"gd":840.41,"wic":{},"woc":{},"wgc":{},"clr":{"R":238,"G":250,"B":246,"A":255}},"QO1-S2":{"pid":"QO1-sv","orb":1131.5620153764212,"per":8.94165541011084,"ang":180,"t":"STAR","s":348.65,"m":2354572.8,"gd":1162.18,"wic":{},"woc":{},"wgc":{},"clr":{"R":247,"G":200,"B":222,"A":255}},"QO1-sv":{"iv":true,"wic":{},"woc":{},"wgc":{},"clr":{}}}}