{"SpawnDistance":5000,"Points":{"HA9-S1":{"pid":"HA9-sv","orb":1172.5329886364684,"per":12.80785393561381,"t":"STAR","s":315.57,"m":1745993.6,"gd":1051.92,"wic":{},"woc":{},"wgc":{},"clr":{"R":246,"G":246,"B":254,"A":255}},"HA9-S2":{"pid":"HA9-sv","orb":1399.0320445208167,"per":12.80785393561381,"ang":180,"t":"STAR","s":280.81,"m":1230196.47,"gd":936.03,"wic":{},"woc":{},"wgc":{},"clr":{"R":252,"G":253,"B":251,"A":255}},"HA9-sv":{"iv":true,"wic":{},"woc":{},"wgc":{},"clr":{}}}}