{"SpawnDistance":5000,"Points":{"OM1-S1":{"pid":"OM1-sv","orb":914.1955284093891,"per":9.89168655151109,"t":"STAR","s":264,"m":1022306.68,"gd":880.02,"wic":{},"woc":{},"wgc":{},"clr":{"R":165,"G":184,"B":243,"A":255}},"OM1-S2":{"pid":"OM1-sv","orb":1070.2903240358974,"per":9.89168655151109,"ang":180,"t":"STAR","s":293.59,"m":1405982.15,"gd":978.65,"wic":{},"woc":{},"wgc":{},"clr":{"R":226,"G":246,"B":232,"A":255}},"OM1-sv":{"iv":true,"wic":{},"woc":{},"wgc":{},"clr":{}}}}