{"SpawnDistance":5000,"Points":{"MW5-S1":{"pid":"MW5-sv1","orb":2633.3240562156548,"per":32.718480028987344,"t":"STAR","s":256.52,"m":937781.07,"gd":855.07,"wic":{},"woc":{},"wgc":{},"clr":{"R":232,"G":210,"B":241,"A":255}},"MW5-S2":{"pid":"MW5-sv2","orb":216.504068240422,"per":7.148356474852908,"t":"STAR","s":108.93,"m":114906.96,"gd":363.11,"wic":{},"woc":{},"wgc":{},"clr":{"R":187,"G":218,"B":237,"A":255}},"MW5-S3":{"pid":"MW5-sv2","orb":331.90124205992316,"per":7.148356474852908,"ang":180,"t":"STAR","s":53.66,"m":13740.14,"gd":178.89,"wic":{},"woc":{},"wgc":{},"clr":{"R":227,"G":206,"B":239,"A":255}},"MW5-sv1":{"iv":true,"wic":{},"woc":{},"wgc":{},"clr":{}},"MW5-sv2":{"pid":"MW5-sv1","iv":true,"orb":1806.7556231920055,"per":32.718480028987344,"ang":180,"wic":{},"woc":{},"wgc":{},"clr":{}}}}