{"SpawnDistance":5000,"Points":{"MA9-S1":{"pid":"MA9-sv","orb":1195.7961137812495,"per":13.129883323248784,"t":"STAR","s":355.44,"m":2494848.76,"gd":1184.81,"wic":{},"woc":{},"wgc":{},"clr":{"R":254,"G":250,"B":248,"A":255}},"MA9-S2":{"pid":"MA9-sv","orb":1441.6657998410506,"per":13.129883323248784,"ang":180,"t":"STAR","s":258.43,"m":958960.59,"gd":861.46,"wic":{},"woc":{},"wgc":{},"clr":{"R":193,"G":248,"B":248,"A":255}},"MA9-sv":{"iv":true,"wic":{},"woc":{},"wgc":{},"clr":{}}}}