{"SpawnDistance":5000,"Points":{"PE0-S1":{"pid":"PE0-sv","orb":1662.7925809572419,"per":14.240475070943885,"t":"STAR","s":243.87,"m":805844.48,"gd":812.93,"wic":{},"woc":{},"wgc":{},"clr":{"R":236,"G":243,"B":254,"A":255}},"PE0-S2":{"pid":"PE0-sv","orb":1219.5816397582842,"per":14.240475070943885,"ang":180,"t":"STAR","s":342.42,"m":2230661.1,"gd":1141.42,"wic":{},"woc":{},"wgc":{},"clr":{"R":239,"G":246,"B":223,"A":255}},"PE0-sv":{"iv":true,"wic":{},"woc":{},"wgc":{},"clr":{}}}}