{"SpawnDistance":5000,"Points":{"ZA4-S1":{"pid":"ZA4-sv1","orb":1298.9102884454733,"per":34.78637936304206,"t":"STAR","s":563.04,"m":9916698.81,"gd":1876.83,"wic":{},"woc":{},"wgc":{},"clr":{"R":250,"G":239,"B":224,"A":255}},"ZA4-S2":{"pid":"ZA4-sv2","orb":198.40978667516114,"per":8.004735796481526,"t":"STAR","s":138.15,"m":234416.53,"gd":460.53,"wic":{},"woc":{},"wgc":{},"clr":{"R":207,"G":224,"B":241,"A":255}},"ZA4-S3":{"pid":"ZA4-sv2","orb":454.14386291038704,"per":8.004735796481526,"ang":180,"t":"STAR","s":72.44,"m":33800.44,"gd":241.49,"wic":{},"woc":{},"wgc":{},"clr":{"R":228,"G":249,"B":241,"A":255}},"ZA4-sv1":{"iv":true,"wic":{},"woc":{},"wgc":{},"clr":{}},"ZA4-sv2":{"pid":"ZA4-sv1","iv":true,"orb":4140.538076686858,"per":34.78637936304206,"ang":180,"wic":{},"woc":{},"wgc":{},"clr":{}}}}