{"SpawnDistance":5000,"Points":{"CC8-S1":{"pid":"CC8-sv","orb":1050.9903229166935,"per":10.842683507791671,"t":"STAR","s":274.68,"m":1151467.2,"gd":915.63,"wic":{},"woc":{},"wgc":{},"clr":{"R":254,"G":242,"B":247,"A":255}},"CC8-S2":{"pid":"CC8-sv","orb":1118.6000773430164,"per":10.842683507791671,"ang":180,"t":"STAR","s":281.2,"m":1235350.29,"gd":937.34,"wic":{},"woc":{},"wgc":{},"clr":{"R":240,"G":230,"B":199,"A":255}},"CC8-sv":{"iv":true,"wic":{},"woc":{},"wgc":{},"clr":{}}}}