{"SpawnDistance":5000,"Points":{"ZH0-S1":{"pid":"ZH0-sv1","orb":754.2326357524169,"per":18.6177440430182,"t":"STAR","s":421.07,"m":4147572.55,"gd":1403.57,"wic":{},"woc":{},"wgc":{},"clr":{"R":241,"G":179,"B":184,"A":255}},"ZH0-S2":{"pid":"ZH0-sv2","orb":358.97478992379405,"per":7.715244355736842,"t":"STAR","s":64.36,"m":23704.05,"gd":214.55,"wic":{},"woc":{},"wgc":{},"clr":{"R":171,"G":170,"B":246,"A":255}},"ZH0-S3":{"pid":"ZH0-sv2","orb":233.18357507966064,"per":7.715244355736842,"ang":180,"t":"STAR","s":66.34,"m":25957.4,"gd":221.14,"wic":{},"woc":{},"wgc":{},"clr":{"R":189,"G":231,"B":242,"A":255}},"ZH0-sv1":{"iv":true,"wic":{},"woc":{},"wgc":{},"clr":{}},"ZH0-sv2":{"pid":"ZH0-sv1","iv":true,"orb":2042.5197851326577,"per":18.6177440430182,"ang":180,"wic":{},"woc":{},"wgc":{},"clr":{}}}}