{"SpawnDistance":5000,"Points":{"KZ1-S1":{"pid":"KZ1-sv","orb":767.510094913986,"per":8.029594863562684,"t":"STAR","s":287.43,"m":1319350.19,"gd":958.12,"wic":{},"woc":{},"wgc":{},"clr":{"R":206,"G":179,"B":244,"A":255}},"KZ1-S2":{"pid":"KZ1-sv","orb":840.04619744028,"per":8.029594863562684,"ang":180,"t":"STAR","s":348.69,"m":2355381.72,"gd":1162.31,"wic":{},"woc":{},"wgc":{},"clr":{"R":253,"G":248,"B":239,"A":255}},"KZ1-sv":{"iv":true,"wic":{},"woc":{},"wgc":{},"clr":{}}}}