{"SpawnDistance":5000,"Points":{"GT9-S1":{"pid":"GT9-sv","orb":1384.786671447638,"per":11.496639253995875,"t":"STAR","s":221.09,"m":600436.55,"gd":736.98,"wic":{},"woc":{},"wgc":{},"clr":{"R":183,"G":213,"B":238,"A":255}},"GT9-S2":{"pid":"GT9-sv","orb":954.4626393489707,"per":11.496639253995875,"ang":180,"t":"STAR","s":492.15,"m":6622863.23,"gd":1640.53,"wic":{},"woc":{},"wgc":{},"clr":{"R":245,"G":246,"B":227,"A":255}},"GT9-sv":{"iv":true,"wic":{},"woc":{},"wgc":{},"clr":{}}}}