{"SpawnDistance":5000,"Points":{"QZ3-S1":{"pid":"QZ3-sv","orb":1190.1935808355126,"per":10.64561050522316,"t":"STAR","s":276.85,"m":1178930.43,"gd":922.85,"wic":{},"woc":{},"wgc":{},"clr":{"R":242,"G":214,"B":246,"A":255}},"QZ3-S2":{"pid":"QZ3-sv","orb":952.1898357858814,"per":10.64561050522316,"ang":180,"t":"STAR","s":381.44,"m":3083402.03,"gd":1271.49,"wic":{},"woc":{},"wgc":{},"clr":{"R":196,"G":244,"B":235,"A":255}},"QZ3-sv":{"iv":true,"wic":{},"woc":{},"wgc":{},"clr":{}}}}