{"SpawnDistance":5000,"Points":{"SH7-S1":{"pid":"SH7-sv","orb":882.0717408374087,"per":9.064830095814226,"t":"STAR","s":230.81,"m":683182.5,"gd":769.39,"wic":{},"woc":{},"wgc":{},"clr":{"R":243,"G":189,"B":211,"A":255}},"SH7-S2":{"pid":"SH7-sv","orb":931.5698583424621,"per":9.064830095814226,"ang":180,"t":"STAR","s":285.66,"m":1295152.62,"gd":952.23,"wic":{},"woc":{},"wgc":{},"clr":{"R":239,"G":180,"B":253,"A":255}},"SH7-sv":{"iv":true,"wic":{},"woc":{},"wgc":{},"clr":{}}}}