{"SpawnDistance":5000,"Points":{"UZ6-S1":{"pid":"UZ6-sv","orb":1007.8212815987284,"per":10.579455008770001,"t":"STAR","s":205.03,"m":478845.52,"gd":683.44,"wic":{},"woc":{},"wgc":{},"clr":{"R":215,"G":248,"B":184,"A":255}},"UZ6-S2":{"pid":"UZ6-sv","orb":1110.562659532649,"per":10.579455008770001,"ang":180,"t":"STAR","s":181.62,"m":332845.08,"gd":605.41,"wic":{},"woc":{},"wgc":{},"clr":{"R":237,"G":253,"B":249,"A":255}},"UZ6-sv":{"iv":true,"wic":{},"woc":{},"wgc":{},"clr":{}}}}