{"SpawnDistance":5000,"Points":{"NA0-S1":{"pid":"NA0-sv","orb":1370.273539144465,"per":11.405607302898046,"t":"STAR","s":182.96,"m":340281.68,"gd":609.88,"wic":{},"woc":{},"wgc":{},"clr":{"R":248,"G":232,"B":216,"A":255}},"NA0-S2":{"pid":"NA0-sv","orb":949.3570023189828,"per":11.405607302898046,"ang":180,"t":"STAR","s":274.1,"m":1144079.41,"gd":913.66,"wic":{},"woc":{},"wgc":{},"clr":{"R":250,"G":253,"B":249,"A":255}},"NA0-sv":{"iv":true,"wic":{},"woc":{},"wgc":{},"clr":{}}}}