{"SpawnDistance":5000,"Points":{"BM8-S1":{"pid":"BM8-sv1","orb":3192.1142791393845,"per":35.09317364948417,"t":"STAR","s":193.51,"m":402625.88,"gd":645.06,"wic":{},"woc":{},"wgc":{},"clr":{"R":226,"G":249,"B":230,"A":255}},"BM8-S2":{"pid":"BM8-sv2","orb":385.0512081551723,"per":8.807329420283834,"t":"STAR","s":72.58,"m":33994.72,"gd":241.95,"wic":{},"woc":{},"wgc":{},"clr":{"R":200,"G":211,"B":249,"A":255}},"BM8-S3":{"pid":"BM8-sv2","orb":283.29083609154884,"per":8.807329420283834,"ang":180,"t":"STAR","s":115.51,"m":137012.95,"gd":385.04,"wic":{},"woc":{},"wgc":{},"clr":{"R":238,"G":237,"B":251,"A":255}},"BM8-sv1":{"iv":true,"wic":{},"woc":{},"wgc":{},"clr":{}},"BM8-sv2":{"pid":"BM8-sv1","iv":true,"orb":1714.684972751566,"per":35.09317364948417,"ang":180,"wic":{},"woc":{},"wgc":{},"clr":{}}}}