{"SpawnDistance":5000,"Points":{"WN2-S1":{"pid":"WN2-sv","orb":854.4737079705022,"per":13.168185412682888,"t":"STAR","s":601.87,"m":12112558.76,"gd":2006.23,"wic":{},"woc":{},"wgc":{},"clr":{"R":242,"G":253,"B":242,"A":255}},"WN2-S2":{"pid":"WN2-sv","orb":2029.3322713772782,"per":13.168185412682888,"ang":180,"t":"STAR","s":150.52,"m":189479.63,"gd":501.75,"wic":{},"woc":{},"wgc":{},"clr":{"R":218,"G":247,"B":222,"A":255}},"WN2-sv":{"iv":true,"wic":{},"woc":{},"wgc":{},"clr":{}}}}