{"SpawnDistance":5000,"Points":{"MF1-S1":{"pid":"MF1-sv","orb":1124.1431291149563,"per":11.222857001099303,"t":"STAR","s":339.75,"m":2178857.15,"gd":1132.51,"wic":{},"woc":{},"wgc":{},"clr":{"R":250,"G":232,"B":253,"A":255}},"MF1-S2":{"pid":"MF1-sv","orb":1120.4313401469321,"per":11.222857001099303,"ang":180,"t":"STAR","s":339.32,"m":2170490.83,"gd":1131.06,"wic":{},"woc":{},"wgc":{},"clr":{"R":233,"G":249,"B":204,"A":255}},"MF1-sv":{"iv":true,"wic":{},"woc":{},"wgc":{},"clr":{}}}}