{"SpawnDistance":5000,"Points":{"MX8-S1":{"pid":"MX8-sv","orb":1208.7708009863009,"per":12.3333827668748,"t":"STAR","s":348.37,"m":2349005.38,"gd":1161.26,"wic":{},"woc":{},"wgc":{},"clr":{"R":164,"G":224,"B":248,"A":255}},"MX8-S2":{"pid":"MX8-sv","orb":1258.4050702592065,"per":12.3333827668748,"ang":180,"t":"STAR","s":214.41,"m":547610.46,"gd":714.7,"wic":{},"woc":{},"wgc":{},"clr":{"R":191,"G":231,"B":184,"A":255}},"MX8-sv":{"iv":true,"wic":{},"woc":{},"wgc":{},"clr":{}}}}