{"SpawnDistance":5000,"Points":{"KZ7-S1":{"pid":"KZ7-sv","orb":879.4531255173946,"per":8.18943737552389,"t":"STAR","s":288.42,"m":1333034.18,"gd":961.42,"wic":{},"woc":{},"wgc":{},"clr":{"R":249,"G":230,"B":241,"A":255}},"KZ7-S2":{"pid":"KZ7-sv","orb":762.597602779241,"per":8.18943737552389,"ang":180,"t":"STAR","s":426.65,"m":4314903.66,"gd":1422.19,"wic":{},"woc":{},"wgc":{},"clr":{"R":174,"G":203,"B":249,"A":255}},"KZ7-sv":{"iv":true,"wic":{},"woc":{},"wgc":{},"clr":{}}}}