{"SpawnDistance":5000,"Points":{"EI5-S1":{"pid":"EI5-sv","orb":949.9489369036031,"per":12.867436367523535,"t":"STAR","s":403.66,"m":3654236.04,"gd":1345.55,"wic":{},"woc":{},"wgc":{},"clr":{"R":240,"G":192,"B":173,"A":255}},"EI5-S2":{"pid":"EI5-sv","orb":1742.9454599102176,"per":12.867436367523535,"ang":180,"t":"STAR","s":339.65,"m":2177002.58,"gd":1132.19,"wic":{},"woc":{},"wgc":{},"clr":{"R":244,"G":232,"B":207,"A":255}},"EI5-sv":{"iv":true,"wic":{},"woc":{},"wgc":{},"clr":{}}}}