{"SpawnDistance":5000,"Points":{"YI3-S1":{"pid":"YI3-sv","orb":1255.6868644778037,"per":12.954301097566766,"t":"STAR","s":340.82,"m":2199425.23,"gd":1136.07,"wic":{},"woc":{},"wgc":{},"clr":{"R":251,"G":233,"B":247,"A":255}},"YI3-S2":{"pid":"YI3-sv","orb":1336.4312526770557,"per":12.954301097566766,"ang":180,"t":"STAR","s":263.21,"m":1013128.1,"gd":877.38,"wic":{},"woc":{},"wgc":{},"clr":{"R":210,"G":212,"B":250,"A":255}},"YI3-sv":{"iv":true,"wic":{},"woc":{},"wgc":{},"clr":{}}}}