{"SpawnDistance":5000,"Points":{"WO1-S1":{"pid":"WO1-sv","orb":886.7550530159004,"per":8.074381682277028,"t":"STAR","s":287.79,"m":1324292.35,"gd":959.32,"wic":{},"woc":{},"wgc":{},"clr":{"R":190,"G":195,"B":234,"A":255}},"WO1-S2":{"pid":"WO1-sv","orb":735.2158787182212,"per":8.074381682277028,"ang":180,"t":"STAR","s":177.73,"m":311923.72,"gd":592.45,"wic":{},"woc":{},"wgc":{},"clr":{"R":239,"G":199,"B":201,"A":255}},"WO1-sv":{"iv":true,"wic":{},"woc":{},"wgc":{},"clr":{}}}}