{"SpawnDistance":5000,"Points":{"US0-S1":{"pid":"US0-sv1","orb":1646.7720498396898,"per":24.22483430007179,"t":"STAR","s":319.99,"m":1820305.38,"gd":1066.63,"wic":{},"woc":{},"wgc":{},"clr":{"R":250,"G":231,"B":210,"A":255}},"US0-S2":{"pid":"US0-sv2","orb":320.96835062674455,"per":9.728885275440133,"t":"STAR","s":98.75,"m":85615.27,"gd":329.19,"wic":{},"woc":{},"wgc":{},"clr":{"R":247,"G":186,"B":235,"A":255}},"US0-S3":{"pid":"US0-sv2","orb":414.6927944086432,"per":9.728885275440133,"ang":180,"t":"STAR","s":48.32,"m":10033.22,"gd":161.09,"wic":{},"woc":{},"wgc":{},"clr":{"R":242,"G":240,"B":254,"A":255}},"US0-sv1":{"iv":true,"wic":{},"woc":{},"wgc":{},"clr":{}},"US0-sv2":{"pid":"US0-sv1","iv":true,"orb":1583.8192782407602,"per":24.22483430007179,"ang":180,"wic":{},"woc":{},"wgc":{},"clr":{}}}}