{"SpawnDistance":5000,"Points":{"OH7-S1":{"pid":"OH7-sv1","orb":1042.9258483491521,"per":24.598173482466716,"t":"STAR","s":451.85,"m":5125496.69,"gd":1506.19,"wic":{},"woc":{},"wgc":{},"clr":{"R":232,"G":251,"B":251,"A":255}},"OH7-S2":{"pid":"OH7-sv2","orb":349.66235065456164,"per":9.77183780200756,"t":"STAR","s":120.6,"m":155953.23,"gd":402.03,"wic":{},"woc":{},"wgc":{},"clr":{"R":250,"G":236,"B":194,"A":255}},"OH7-S3":{"pid":"OH7-sv2","orb":384.0308928786566,"per":9.77183780200756,"ang":180,"t":"STAR","s":95.82,"m":78225.9,"gd":319.43,"wic":{},"woc":{},"wgc":{},"clr":{"R":214,"G":235,"B":241,"A":255}},"OH7-sv1":{"iv":true,"wic":{},"woc":{},"wgc":{},"clr":{}},"OH7-sv2":{"pid":"OH7-sv1","iv":true,"orb":2578.5156447925146,"per":24.598173482466716,"ang":180,"wic":{},"woc":{},"wgc":{},"clr":{}}}}