{"SpawnDistance":5000,"Points":{"EZ6-S1":{"pid":"EZ6-sv","orb":1605.2542334908826,"per":13.009323314360422,"t":"STAR","s":359.03,"m":2571263.11,"gd":1196.79,"wic":{},"woc":{},"wgc":{},"clr":{"R":250,"G":230,"B":218,"A":255}},"EZ6-S2":{"pid":"EZ6-sv","orb":1054.3033593471155,"per":13.009323314360422,"ang":180,"t":"STAR","s":369.07,"m":2792927.64,"gd":1230.23,"wic":{},"woc":{},"wgc":{},"clr":{"R":225,"G":249,"B":243,"A":255}},"EZ6-sv":{"iv":true,"wic":{},"woc":{},"wgc":{},"clr":{}}}}