{"SpawnDistance":5000,"Points":{"IH1-S1":{"pid":"IH1-sv1","orb":1600.3496861688848,"per":26.078865049360644,"t":"STAR","s":280.4,"m":1224796.18,"gd":934.66,"wic":{},"woc":{},"wgc":{},"clr":{"R":218,"G":253,"B":253,"A":255}},"IH1-S2":{"pid":"IH1-sv2","orb":320.0483648442316,"per":6.983380838603795,"t":"STAR","s":56.24,"m":15814.72,"gd":187.47,"wic":{},"woc":{},"wgc":{},"clr":{"R":242,"G":249,"B":215,"A":255}},"IH1-S3":{"pid":"IH1-sv2","orb":214.27839100116637,"per":6.983380838603795,"ang":180,"t":"STAR","s":136.6,"m":226593.85,"gd":455.35,"wic":{},"woc":{},"wgc":{},"clr":{"R":248,"G":248,"B":254,"A":255}},"IH1-sv1":{"iv":true,"wic":{},"woc":{},"wgc":{},"clr":{}},"IH1-sv2":{"pid":"IH1-sv1","iv":true,"orb":1888.7738741396615,"per":26.078865049360644,"ang":180,"wic":{},"woc":{},"wgc":{},"clr":{}}}}