{"SpawnDistance":5000,"Points":{"RM3-S1":{"pid":"RM3-sv","orb":1377.0632690374587,"per":11.590106431976388,"t":"STAR","s":286.67,"m":1308819.94,"gd":955.57,"wic":{},"woc":{},"wgc":{},"clr":{"R":198,"G":204,"B":238,"A":255}},"RM3-S2":{"pid":"RM3-sv","orb":975.4858046459619,"per":11.590106431976388,"ang":180,"t":"STAR","s":400.85,"m":3578517.93,"gd":1336.19,"wic":{},"woc":{},"wgc":{},"clr":{"R":182,"G":241,"B":216,"A":255}},"RM3-sv":{"iv":true,"wic":{},"woc":{},"wgc":{},"clr":{}}}}