{"SpawnDistance":5000,"Points":{"JW8-S1":{"pid":"JW8-sv1","orb":2040.1485044207052,"per":23.598173744797254,"t":"STAR","s":199.32,"m":439973.91,"gd":664.42,"wic":{},"woc":{},"wgc":{},"clr":{"R":227,"G":231,"B":247,"A":255}},"JW8-S2":{"pid":"JW8-sv2","orb":194.07961129475072,"per":8.457467951974449,"t":"STAR","s":160.75,"m":369256.44,"gd":535.84,"wic":{},"woc":{},"wgc":{},"clr":{"R":219,"G":223,"B":249,"A":255}},"JW8-S3":{"pid":"JW8-sv2","orb":518.2786791827069,"per":8.457467951974449,"ang":180,"t":"STAR","s":56.46,"m":15998.4,"gd":188.2,"wic":{},"woc":{},"wgc":{},"clr":{"R":250,"G":206,"B":164,"A":255}},"JW8-sv1":{"iv":true,"wic":{},"woc":{},"wgc":{},"clr":{}},"JW8-sv2":{"pid":"JW8-sv1","iv":true,"orb":1213.1443762451038,"per":23.598173744797254,"ang":180,"wic":{},"woc":{},"wgc":{},"clr":{}}}}