{"SpawnDistance":5000,"Points":{"IQ3-S1":{"pid":"IQ3-sv","orb":867.2183307083925,"per":8.136215468759461,"t":"STAR","s":308.08,"m":1624543.71,"gd":1026.94,"wic":{},"woc":{},"wgc":{},"clr":{"R":195,"G":243,"B":207,"A":255}},"IQ3-S2":{"pid":"IQ3-sv","orb":763.3372105961656,"per":8.136215468759461,"ang":180,"t":"STAR","s":339.96,"m":2182885.87,"gd":1133.21,"wic":{},"woc":{},"wgc":{},"clr":{"R":235,"G":220,"B":247,"A":255}},"IQ3-sv":{"iv":true,"wic":{},"woc":{},"wgc":{},"clr":{}}}}