{"SpawnDistance":5000,"Points":{"OW1-S1":{"pid":"OW1-sv","orb":981.5801705323164,"per":11.212696900440484,"t":"STAR","s":403.87,"m":3659860.4,"gd":1346.24,"wic":{},"woc":{},"wgc":{},"clr":{"R":254,"G":233,"B":252,"A":255}},"OW1-S2":{"pid":"OW1-sv","orb":1280.8385453932563,"per":11.212696900440484,"ang":180,"t":"STAR","s":244.71,"m":814143.91,"gd":815.71,"wic":{},"woc":{},"wgc":{},"clr":{"R":254,"G":253,"B":252,"A":255}},"OW1-sv":{"iv":true,"wic":{},"woc":{},"wgc":{},"clr":{}}}}