{"SpawnDistance":5000,"Points":{"PG0-S1":{"pid":"PG0-sv1","orb":2334.4082900823155,"per":31.080503055332038,"t":"STAR","s":313.14,"m":1705924.47,"gd":1043.81,"wic":{},"woc":{},"wgc":{},"clr":{"R":162,"G":244,"B":248,"A":255}},"PG0-S2":{"pid":"PG0-sv2","orb":273.89200977096255,"per":9.479800706226246,"t":"STAR","s":125.94,"m":177571.01,"gd":419.81,"wic":{},"woc":{},"wgc":{},"clr":{"R":252,"G":200,"B":241,"A":255}},"PG0-S3":{"pid":"PG0-sv2","orb":461.4042464812669,"per":9.479800706226246,"ang":180,"t":"STAR","s":89.96,"m":64726.27,"gd":299.88,"wic":{},"woc":{},"wgc":{},"clr":{"R":243,"G":239,"B":177,"A":255}},"PG0-sv1":{"iv":true,"wic":{},"woc":{},"wgc":{},"clr":{}},"PG0-sv2":{"pid":"PG0-sv1","iv":true,"orb":1839.148274440489,"per":31.080503055332038,"ang":180,"wic":{},"woc":{},"wgc":{},"clr":{}}}}