{"SpawnDistance":5000,"Points":{"KG8-S1":{"pid":"KG8-sv","orb":1119.8748603775487,"per":11.927590895769898,"t":"STAR","s":314.24,"m":1723920.86,"gd":1047.47,"wic":{},"woc":{},"wgc":{},"clr":{"R":202,"G":177,"B":253,"A":255}},"KG8-S2":{"pid":"KG8-sv","orb":1270.3868049050557,"per":11.927590895769898,"ang":180,"t":"STAR","s":229.03,"m":667498.98,"gd":763.46,"wic":{},"woc":{},"wgc":{},"clr":{"R":196,"G":245,"B":237,"A":255}},"KG8-sv":{"iv":true,"wic":{},"woc":{},"wgc":{},"clr":{}}}}