{"SpawnDistance":5000,"Points":{"US3-S1":{"pid":"US3-sv1","orb":2082.7512814554884,"per":38.08119531099032,"t":"STAR","s":321.81,"m":1851592.18,"gd":1072.71,"wic":{},"woc":{},"wgc":{},"clr":{"R":246,"G":251,"B":194,"A":255}},"US3-S2":{"pid":"US3-sv2","orb":376.57241351057775,"per":9.1108392125105,"t":"STAR","s":123.61,"m":167900.77,"gd":412.04,"wic":{},"woc":{},"wgc":{},"clr":{"R":243,"G":178,"B":195,"A":255}},"US3-S3":{"pid":"US3-sv2","orb":309.97794746893754,"per":9.1108392125105,"ang":180,"t":"STAR","s":130.4,"m":197142.18,"gd":434.69,"wic":{},"woc":{},"wgc":{},"clr":{"R":252,"G":224,"B":195,"A":255}},"US3-sv1":{"iv":true,"wic":{},"woc":{},"wgc":{},"clr":{}},"US3-sv2":{"pid":"US3-sv1","iv":true,"orb":3094.576442070123,"per":38.08119531099032,"ang":180,"wic":{},"woc":{},"wgc":{},"clr":{}}}}