{"SpawnDistance":5000,"Points":{"GW8-S1":{"pid":"GW8-sv","orb":542.5596172778767,"per":8.590552328895981,"t":"STAR","s":457.4,"m":5316548.68,"gd":1524.68,"wic":{},"woc":{},"wgc":{},"clr":{"R":230,"G":254,"B":243,"A":255}},"GW8-S2":{"pid":"GW8-sv","orb":1360.1747525139544,"per":8.590552328895981,"ang":180,"t":"STAR","s":181.13,"m":330151.96,"gd":603.77,"wic":{},"woc":{},"wgc":{},"clr":{"R":254,"G":253,"B":254,"A":255}},"GW8-sv":{"iv":true,"wic":{},"woc":{},"wgc":{},"clr":{}}}}