{"SpawnDistance":5000,"Points":{"MK0-S1":{"pid":"MK0-sv","orb":1138.2803911228357,"per":12.148841820341957,"t":"STAR","s":330.18,"m":1999900.07,"gd":1100.62,"wic":{},"woc":{},"wgc":{},"clr":{"R":224,"G":253,"B":253,"A":255}},"MK0-S2":{"pid":"MK0-sv","orb":1296.643241214917,"per":12.148841820341957,"ang":180,"t":"STAR","s":347.21,"m":2325446.48,"gd":1157.36,"wic":{},"woc":{},"wgc":{},"clr":{"R":251,"G":251,"B":245,"A":255}},"MK0-sv":{"iv":true,"wic":{},"woc":{},"wgc":{},"clr":{}}}}