{"SpawnDistance":5000,"Points":{"VY2-S1":{"pid":"VY2-sv","orb":771.2640377297644,"per":8.092257458003894,"t":"STAR","s":351.68,"m":2416612.11,"gd":1172.29,"wic":{},"woc":{},"wgc":{},"clr":{"R":222,"G":239,"B":253,"A":255}},"VY2-S2":{"pid":"VY2-sv","orb":849.0559336770757,"per":8.092257458003894,"ang":180,"t":"STAR","s":404.76,"m":3684117.98,"gd":1349.21,"wic":{},"woc":{},"wgc":{},"clr":{"R":162,"G":170,"B":250,"A":255}},"VY2-sv":{"iv":true,"wic":{},"woc":{},"wgc":{},"clr":{}}}}